AOA,Cmy
-5,-0.02428
-3,-0.02369
-1,-0.0199
1,-0.01095
3,0.00789
5,0.03531
7,0.02565
9,0.02359
11,0.02343
13,0.01969
15,0.00488
17,-0.01425
19,-0.03741
